[
  "listing.usableAreas",
  "listing.bedrooms",
  "listing.bathrooms",
  "listing.parkingSpaces",
  "listing.address.city_Araraquara",
  "listing.address.city_Armação dos Búzios",
  "listing.address.city_Atibaia",
  "listing.address.city_Barueri",
  "listing.address.city_Bauru",
  "listing.address.city_Belo Horizonte",
  "listing.address.city_Bertioga",
  "listing.address.city_Betim",
  "listing.address.city_Bragança Paulista",
  "listing.address.city_Brasília",
  "listing.address.city_Cabo Frio",
  "listing.address.city_Camaçari",
  "listing.address.city_Campinas",
  "listing.address.city_Canoas",
  "listing.address.city_Caraguatatuba",
  "listing.address.city_Carapicuíba",
  "listing.address.city_Caçapava",
  "listing.address.city_Contagem",
  "listing.address.city_Cotia",
  "listing.address.city_Curitiba",
  "listing.address.city_Diadema",
  "listing.address.city_Feira de Santana",
  "listing.address.city_Florianópolis",
  "listing.address.city_Fortaleza",
  "listing.address.city_Goiânia",
  "listing.address.city_Gravataí",
  "listing.address.city_Guarujá",
  "listing.address.city_Guarulhos",
  "listing.address.city_Hortolândia",
  "listing.address.city_Indaiatuba",
  "listing.address.city_Itapetininga",
  "listing.address.city_Itatiba",
  "listing.address.city_Itu",
  "listing.address.city_Jacareí",
  "listing.address.city_Joinville",
  "listing.address.city_Juiz de Fora",
  "listing.address.city_Jundiaí",
  "listing.address.city_Lauro de Freitas",
  "listing.address.city_Limeira",
  "listing.address.city_Londrina",
  "listing.address.city_Louveira",
  "listing.address.city_Macaé",
  "listing.address.city_Maringá",
  "listing.address.city_Marília",
  "listing.address.city_Mogi Guaçu",
  "listing.address.city_Mogi das Cruzes",
  "listing.address.city_Niterói",
  "listing.address.city_Nova Iguaçu",
  "listing.address.city_Nova Lima",
  "listing.address.city_Novo Hamburgo",
  "listing.address.city_Osasco",
  "listing.address.city_Palhoça",
  "listing.address.city_Paulínia",
  "listing.address.city_Pelotas",
  "listing.address.city_Peruíbe",
  "listing.address.city_Petrópolis",
  "listing.address.city_Piracicaba",
  "listing.address.city_Porto Alegre",
  "listing.address.city_Porto Feliz",
  "listing.address.city_Praia Grande",
  "listing.address.city_Presidente Prudente",
  "listing.address.city_Recife",
  "listing.address.city_Ribeirão Preto",
  "listing.address.city_Rio das Ostras",
  "listing.address.city_Rio de Janeiro",
  "listing.address.city_Salvador",
  "listing.address.city_Santana de Parnaíba",
  "listing.address.city_Santo André",
  "listing.address.city_Santos",
  "listing.address.city_Sorocaba",
  "listing.address.city_Sumare",
  "listing.address.city_Suzano",
  "listing.address.city_São Bernardo do Campo",
  "listing.address.city_São Caetano do Sul",
  "listing.address.city_São Carlos",
  "listing.address.city_São Gonçalo",
  "listing.address.city_São José",
  "listing.address.city_São José do Rio Preto",
  "listing.address.city_São José dos Campos",
  "listing.address.city_São José dos Pinhais",
  "listing.address.city_São Leopoldo",
  "listing.address.city_São Paulo",
  "listing.address.city_São Sebastião",
  "listing.address.city_Taubaté",
  "listing.address.city_Teresópolis",
  "listing.address.city_Tremembé",
  "listing.address.city_Uberaba",
  "listing.address.city_Uberlândia",
  "listing.address.city_Valinhos",
  "listing.address.city_Viamão",
  "listing.address.city_Vinhedo",
  "imvl_type_casas",
  "imvl_type_casas-de-condominio"
]